<keymap version="1" name="Mac OS X 10.5+ copy" parent="Mac OS X 10.5+">
  <action id="NewAndroidVectorAsset">
    <keyboard-shortcut first-keystroke="ctrl meta v" />
  </action>
  <action id="NewClass">
    <keyboard-shortcut first-keystroke="ctrl meta j" />
  </action>
  <action id="android.deploy.ApplyChanges">
    <keyboard-shortcut first-keystroke="ctrl meta r" />
  </action>
  <action id="android.deploy.CodeSwap">
    <keyboard-shortcut first-keystroke="shift ctrl meta r" />
  </action>
  <action id="template.create.XMLLayout XML File">
    <keyboard-shortcut first-keystroke="ctrl meta l" />
  </action>
</keymap>