<application>
  <component name="CodotaSettings">
    <option name="methodCompletionsPercentageSet" value="true" />
    <option name="id" value="136e3114-6fda-44f6-8ad1-5320b1410ee8" />
    <option name="wasRunBefore" value="true" />
    <option name="firstRun" value="1564147893373" />
    <option name="generation" value="34" />
    <option name="updateGeneration" value="1" />
    <option name="isMethodCompletionsPercentageActive" value="true" />
    <option name="isMethodCompletionsPercentageSet" value="true" />
  </component>
</application>