<application>
  <component name="ParameterNameHintsSettings">
    <blacklists>
      <blacklist language="Java">
        <added pattern="android.view.View.findViewById(id)" />
        <added pattern="com.android.volley.toolbox.StringRequest.StringRequest(method,url,listener,errorListener)" />
      </blacklist>
      <blacklist language="Groovy" />
      <blacklist language="Kotlin" />
    </blacklists>
    <option id="java.multiple.params.same.type" value="true" />
    <option id="java.clear.expression.type" value="true" />
  </component>
</application>